[
  {
    "alarmneid": "1.intelligentho.344136306",
    "alarmcolor": 2,
    "relateid": 1,
    "alarmcnt": 6
  },
  {
    "alarmneid": "2.ce.1487024982",
    "alarmcolor": 3,
    "relateid": 1,
    "alarmcnt": 12
  },
  {
    "alarmneid": "2.ce.1487024976",
    "alarmcolor": 3,
    "relateid": 1,
    "alarmcnt": 9
  },
  {
    "alarmneid": "1.intelligentho.229982701",
    "alarmcolor": 2,
    "relateid": 1,
    "alarmcnt": 7
  },
  {
    "alarmneid": "1.intelligentho.344136255",
    "alarmcolor": 2,
    "relateid": 1,
    "alarmcnt": 6
  },
  {
    "alarmneid": "1.intelligentho.1248075603",
    "alarmcolor": 2,
    "relateid": 1,
    "alarmcnt": 2
  },
  {
    "alarmneid": "1.intelligentho.229982658",
    "alarmcolor": 2,
    "relateid": 1,
    "alarmcnt": 7
  },
  {
    "alarmneid": "1.intelligentho.229982706",
    "alarmcolor": 2,
    "relateid": 1,
    "alarmcnt": 5
  },
  {
    "alarmneid": "1.intelligentho.229982644",
    "alarmcolor": 2,
    "relateid": 1,
    "alarmcnt": 5
  },
  {
    "alarmneid": "1.cscf.237252667",
    "alarmcolor": 2,
    "relateid": 1,
    "alarmcnt": 4
  },
  {
    "alarmneid": "1.cscf.237252502",
    "alarmcolor": 3,
    "relateid": 1,
    "alarmcnt": 3
  },
  {
    "alarmneid": "1.intelligentho.229982708",
    "alarmcolor": 2,
    "relateid": 1,
    "alarmcnt": 9
  },
  {
    "alarmneid": "1.cscf.237252273",
    "alarmcolor": 3,
    "relateid": 1,
    "alarmcnt": 8
  },
  {
    "alarmneid": "1.intelligentho.229982718",
    "alarmcolor": 2,
    "relateid": 1,
    "alarmcnt": 12
  },
  {
    "alarmneid": "1.cscf.237252548",
    "alarmcolor": 2,
    "relateid": 1,
    "alarmcnt": 2
  },
  {
    "alarmneid": "1.intelligentho.455042163",
    "alarmcolor": 2,
    "relateid": 1,
    "alarmcnt": 2
  },
  {
    "alarmneid": "1.intelligentho.344136317",
    "alarmcolor": 2,
    "relateid": 1,
    "alarmcnt": 3
  },
  {
    "alarmneid": "1.intelligentho.229982656",
    "alarmcolor": 2,
    "relateid": 1,
    "alarmcnt": 5
  },
  {
    "alarmneid": "1.intelligentho.455052884",
    "alarmcolor": 2,
    "relateid": 1,
    "alarmcnt": 2
  },
  {
    "alarmneid": "1.intelligentho.454922818",
    "alarmcolor": 2,
    "relateid": 1,
    "alarmcnt": 1
  },
  {
    "alarmneid": "1.intelligentho.229982703",
    "alarmcolor": 2,
    "relateid": 1,
    "alarmcnt": 5
  },
  {
    "alarmneid": "1.intelligentho.229982691",
    "alarmcolor": 2,
    "relateid": 1,
    "alarmcnt": 6
  },
  {
    "alarmneid": "1.intelligentho.374646449",
    "alarmcolor": 2,
    "relateid": 1,
    "alarmcnt": 1
  },
  {
    "alarmneid": "1.cscf.237252685",
    "alarmcolor": 2,
    "relateid": 1,
    "alarmcnt": 6
  },
  {
    "alarmneid": "1.intelligentho.1248075602",
    "alarmcolor": 2,
    "relateid": 1,
    "alarmcnt": 5
  },
  {
    "alarmneid": "1.intelligentho.1248075708",
    "alarmcolor": 2,
    "relateid": 1,
    "alarmcnt": 1
  },
  {
    "alarmneid": "1.intelligentho.374648028",
    "alarmcolor": 2,
    "relateid": 1,
    "alarmcnt": 1
  },
  {
    "alarmneid": "1.cscf.237251991",
    "alarmcolor": 3,
    "relateid": 1,
    "alarmcnt": 7
  },
  {
    "alarmneid": "1.intelligentho.1248075605",
    "alarmcolor": 2,
    "relateid": 1,
    "alarmcnt": 8
  },
  {
    "alarmneid": "1.intelligentho.344136335",
    "alarmcolor": 2,
    "relateid": 1,
    "alarmcnt": 5
  },
  {
    "alarmneid": "1.intelligentho.1248075604",
    "alarmcolor": 2,
    "relateid": 1,
    "alarmcnt": 6
  },
  {
    "alarmcolor": 2,
    "relateid": 1,
    "alarmcnt": 1
  }
]